mode,run,http_ms
hit,1,102.4
hit,2,13.3
hit,3,12.8
hit,4,12.8
hit,5,17.3
hit,6,7.7
hit,7,6.6
hit,8,7.8
hit,9,7.2
hit,10,6.6
hit,11,6.6
hit,12,6.7
hit,13,6.0
hit,14,7.0
hit,15,4.5
hit,16,4.6
hit,17,4.4
hit,18,4.7
hit,19,4.9
hit,20,5.0
hit,21,8.7
hit,22,4.1
hit,23,3.9
hit,24,4.2
hit,25,5.1
hit,26,4.3
hit,27,4.2
hit,28,4.1
hit,29,4.3
hit,30,6.0
miss,1,4.8
miss,2,5.2
miss,3,4.4
miss,4,4.9
miss,5,5.0
miss,6,4.8
miss,7,5.6
miss,8,4.6
miss,9,5.6
miss,10,4.6
miss,11,5.2
miss,12,4.6
miss,13,4.5
miss,14,11.4
miss,15,4.4
miss,16,4.7
miss,17,4.5
miss,18,4.6
miss,19,5.1
miss,20,4.9
miss,21,4.5
miss,22,5.5
miss,23,4.1
miss,24,4.5
miss,25,4.1
miss,26,4.7
miss,27,4.3
miss,28,4.5
miss,29,4.7
miss,30,5.2
